City_ID,City,Lat,Lng,Max Temp,Humidity,Cloudiness,Wind Speed,Country,Date
0,Bambous Virieux,-20.3428,57.7575,77.25,100,75,5.75,MU,2022-02-13 00:45:55
1,Rikitea,-23.1203,-134.9692,78.84,71,0,16.82,PF,2022-02-13 00:43:00
2,Aklavik,68.2191,-135.0107,-22.97,75,75,6.91,CA,2022-02-13 00:42:19
3,Vardo,70.3705,31.1107,26.4,67,3,16.8,NO,2022-02-13 00:45:56
4,Puerto Ayora,-0.7393,-90.3518,75.54,93,47,6.29,EC,2022-02-13 00:45:58
5,Hilo,19.7297,-155.09,78.53,72,40,9.22,US,2022-02-13 00:45:58
6,Monteagudo,-19.8167,-63.9833,60.53,96,100,4.88,BO,2022-02-13 00:45:59
7,Hambantota,6.1241,81.1185,75.54,100,20,3.44,LK,2022-02-13 00:45:59
8,Katsuura,35.1333,140.3,43.2,63,100,3.0,JP,2022-02-13 00:45:59
9,Butaritari,3.0707,172.7902,83.08,70,100,14.05,KI,2022-02-13 00:46:00
10,Albury,-36.0833,146.9167,79.32,78,22,8.05,AU,2022-02-13 00:46:00
11,Atuona,-9.8,-139.0333,77.67,77,14,12.33,PF,2022-02-13 00:44:18
12,Ilulissat,69.2167,-51.1,12.22,85,100,12.66,GL,2022-02-13 00:46:01
13,Busselton,-33.65,115.3333,68.09,50,0,10.92,AU,2022-02-13 00:45:46
14,Chokurdakh,70.6333,147.9167,-2.51,96,100,12.08,RU,2022-02-13 00:43:31
15,Vaini,-21.2,-175.2,86.16,79,20,10.36,TO,2022-02-13 00:46:02
16,Dingle,10.9995,122.6711,81.46,76,92,10.45,PH,2022-02-13 00:46:02
17,Faya,18.3851,42.4509,54.12,64,5,6.67,SA,2022-02-13 00:46:03
18,Burnie,-41.0667,145.9167,66.65,72,100,13.24,AU,2022-02-13 00:46:03
19,Ushuaia,-54.8,-68.3,46.06,61,20,20.71,AR,2022-02-13 00:42:36
20,Upernavik,72.7868,-56.1549,2.55,86,100,36.93,GL,2022-02-13 00:46:04
21,Zabid,14.1951,43.3152,73.44,81,87,4.76,YE,2022-02-13 00:46:04
22,Cabo San Lucas,22.8909,-109.9124,78.1,54,38,3.85,MX,2022-02-13 00:46:05
23,Punta Arenas,-53.15,-70.9167,51.91,62,0,11.5,CL,2022-02-13 00:46:05
24,Hobart,-42.8794,147.3294,79.02,45,75,21.85,AU,2022-02-13 00:46:05
25,Port Hardy,50.6996,-127.4199,49.75,81,75,2.3,CA,2022-02-13 00:42:14
26,Avarua,-21.2078,-159.775,78.85,73,75,4.61,CK,2022-02-13 00:46:06
27,Bluff,-46.6,168.3333,53.8,76,100,14.85,NZ,2022-02-13 00:43:02
28,Varna,43.2167,27.9167,35.74,75,0,10.36,BG,2022-02-13 00:44:51
29,Caravelas,-17.7125,-39.2481,76.69,83,100,5.01,BR,2022-02-13 00:46:07
30,Albany,42.6001,-73.9662,34.38,67,91,1.99,US,2022-02-13 00:43:55
31,Pundaguitan,6.3711,126.1689,80.42,77,100,16.35,PH,2022-02-13 00:46:07
32,Constitucion,-35.3333,-72.4167,59.47,87,0,7.78,CL,2022-02-13 00:46:08
33,Coihaique,-45.5752,-72.0662,75.81,53,0,5.75,CL,2022-02-13 00:46:08
34,Brae,60.3964,-1.353,44.51,89,100,22.97,GB,2022-02-13 00:46:08
35,Victoria,22.2855,114.1577,64.94,92,100,5.99,HK,2022-02-13 00:45:54
36,Castro,-24.7911,-50.0119,61.39,80,0,5.7,BR,2022-02-13 00:46:09
37,Jiaozuo,35.2397,113.2331,38.3,69,10,6.89,CN,2022-02-13 00:46:09
38,Uige,-7.6087,15.0613,66.74,93,100,1.41,AO,2022-02-13 00:46:09
39,Erdenet,49.0333,104.0833,-17.46,100,98,1.36,MN,2022-02-13 00:46:10
40,Honningsvag,70.9821,25.9704,29.01,63,100,18.23,NO,2022-02-13 00:46:10
41,Barrow,71.2906,-156.7887,-30.98,98,0,10.36,US,2022-02-13 00:46:11
42,Kapaa,22.0752,-159.319,79.48,66,75,12.66,US,2022-02-13 00:43:25
43,Cape Town,-33.9258,18.4232,69.89,78,0,10.36,ZA,2022-02-13 00:43:04
44,Buala,-8.145,159.5921,85.15,67,71,2.42,SB,2022-02-13 00:46:11
45,Severo-Kurilsk,50.6789,156.125,24.82,74,77,7.31,RU,2022-02-13 00:46:12
46,Virginia Beach,36.8529,-75.978,62.65,54,75,5.75,US,2022-02-13 00:42:15
47,Lakefield,43.6775,-95.1717,15.28,71,100,0.0,US,2022-02-13 00:46:12
48,Khani,41.9563,42.9566,26.17,81,3,5.86,GE,2022-02-13 00:46:13
49,Santa Cruz Cabralia,-16.2781,-39.0247,80.83,83,40,5.75,BR,2022-02-13 00:46:13
50,Broome,42.2506,-75.833,30.97,76,100,14.97,US,2022-02-13 00:46:13
51,Cidreira,-30.1811,-50.2056,74.37,81,55,19.04,BR,2022-02-13 00:46:14
52,Hermanus,-34.4187,19.2345,67.89,80,87,5.82,ZA,2022-02-13 00:46:14
53,Maarianhamina,60.0973,19.9348,35.46,80,100,14.97,AX,2022-02-13 00:46:15
54,Nome,64.5011,-165.4064,3.27,47,0,6.91,US,2022-02-13 00:42:32
55,Massakory,12.996,15.7293,70.07,12,10,12.21,TD,2022-02-13 00:46:15
56,Provideniya,64.3833,-173.3,-4.5,87,10,4.16,RU,2022-02-13 00:46:16
57,Port Elizabeth,-33.918,25.5701,70.09,94,75,23.02,ZA,2022-02-13 00:46:16
58,Turkistan,43.0,68.0,29.44,74,7,1.92,KZ,2022-02-13 00:46:16
59,De-Kastri,51.4667,140.7833,19.56,92,100,7.43,RU,2022-02-13 00:46:17
60,Mar Del Plata,-38.0023,-57.5575,63.09,74,20,6.91,AR,2022-02-13 00:46:17
61,Codrington,-38.2667,141.9667,85.75,25,100,14.05,AU,2022-02-13 00:44:38
62,Kavaratti,10.5669,72.642,80.56,70,5,4.65,IN,2022-02-13 00:46:18
63,Chuy,-33.6971,-53.4616,67.42,94,100,10.58,UY,2022-02-13 00:45:52
64,Rawson,-43.3002,-65.1023,73.11,31,68,11.54,AR,2022-02-13 00:46:18
65,Virarajendrapet,12.2,75.8,59.45,81,13,4.05,IN,2022-02-13 00:46:19
66,Ribeira Grande,38.5167,-28.7,61.57,90,100,15.39,PT,2022-02-13 00:43:00
67,Hithadhoo,-0.6,73.0833,81.19,70,43,11.23,MV,2022-02-13 00:43:19
68,Tasiilaq,65.6145,-37.6368,8.76,66,100,5.28,GL,2022-02-13 00:46:19
69,Amahai,-3.3333,128.9167,81.86,76,98,3.09,ID,2022-02-13 00:46:20
70,Luderitz,-26.6481,15.1594,72.63,67,4,10.94,NA,2022-02-13 00:46:20
71,Jamestown,42.097,-79.2353,20.3,79,100,10.36,US,2022-02-13 00:46:19
72,Mount Gambier,-37.8333,140.7667,80.51,34,100,9.22,AU,2022-02-13 00:46:21
73,Nyaunglebin,17.95,96.7333,62.33,43,94,4.61,MM,2022-02-13 00:46:21
74,Lebyazhye,55.2689,66.4947,-5.66,99,100,2.55,RU,2022-02-13 00:46:22
75,Port Alfred,-33.5906,26.891,75.36,93,100,16.15,ZA,2022-02-13 00:46:22
76,Kodiak,57.79,-152.4072,38.71,65,20,8.05,US,2022-02-13 00:46:22
77,Mataura,-46.1927,168.8643,53.47,95,100,4.16,NZ,2022-02-13 00:46:01
78,Tuktoyaktuk,69.4541,-133.0374,-29.2,68,20,4.61,CA,2022-02-13 00:46:23
79,Ocampo,21.65,-101.5,51.39,17,2,4.5,MX,2022-02-13 00:46:23
80,Guerrero Negro,27.9769,-114.0611,70.63,37,100,7.67,MX,2022-02-13 00:46:24
81,Skelleftea,64.7507,20.9528,1.76,65,100,4.61,SE,2022-02-13 00:46:24
82,Pafos,34.7667,32.4167,46.31,87,0,8.05,CY,2022-02-13 00:41:46
83,Wewak,-3.5534,143.6268,81.77,76,43,3.29,PG,2022-02-13 00:46:25
84,Mtambile,-5.3833,39.7,77.52,79,100,5.5,TZ,2022-02-13 00:46:25
85,Te Anau,-45.4167,167.7167,49.96,82,100,4.61,NZ,2022-02-13 00:44:32
86,Balykshi,47.0667,51.8667,35.6,100,100,11.18,KZ,2022-02-13 00:46:25
87,San Quintin,30.4833,-115.95,68.05,47,98,6.44,MX,2022-02-13 00:46:26
88,Beira,-19.8436,34.8389,80.69,74,40,8.05,MZ,2022-02-13 00:46:26
89,Dikson,73.5069,80.5464,-4.14,87,100,25.05,RU,2022-02-13 00:46:27
90,Bethel,41.3712,-73.414,50.36,59,0,10.36,US,2022-02-13 00:44:33
91,Vestmanna,62.1564,-7.1664,38.32,87,75,17.27,FO,2022-02-13 00:46:27
92,Askino,56.0901,56.5783,21.78,96,100,7.2,RU,2022-02-13 00:46:27
93,Ulaangom,49.9811,92.0667,-29.31,92,100,3.0,MN,2022-02-13 00:46:28
94,San Patricio,28.017,-97.5169,53.58,62,0,20.04,US,2022-02-13 00:46:29
95,Leshukonskoye,64.8989,45.7622,3.65,99,83,4.85,RU,2022-02-13 00:46:29
96,Georgetown,5.4112,100.3354,80.53,84,20,5.75,MY,2022-02-13 00:44:56
97,Arraial Do Cabo,-22.9661,-42.0278,75.07,84,26,4.83,BR,2022-02-13 00:46:29
98,Auki,-8.7676,160.7034,84.99,68,100,4.81,SB,2022-02-13 00:46:30
99,Lagoa,39.05,-27.9833,60.75,92,100,21.03,PT,2022-02-13 00:46:30
100,Verkhnevilyuysk,63.4453,120.3167,-21.21,99,100,2.59,RU,2022-02-13 00:46:31
101,Liuli,-11.0833,34.6333,73.72,80,100,2.33,TZ,2022-02-13 00:46:31
102,Los Llanos De Aridane,28.6585,-17.9182,62.35,77,100,11.5,ES,2022-02-13 00:46:32
103,Qaanaaq,77.484,-69.3632,-18.94,48,0,8.77,GL,2022-02-13 00:46:32
104,Oranjemund,-28.55,16.4333,65.64,86,0,7.83,NA,2022-02-13 00:46:33
105,Nema,57.5067,50.5011,10.11,99,85,5.59,RU,2022-02-13 00:46:33
106,Jiazi,22.8779,116.067,62.29,82,100,9.64,CN,2022-02-13 00:46:34
107,San Lorenzo,-25.3333,-57.5333,76.59,73,0,18.41,PY,2022-02-13 00:42:51
108,Groningen,53.25,6.75,37.47,73,19,14.97,NL,2022-02-13 00:46:34
109,Hasaki,35.7333,140.8333,39.6,60,100,7.38,JP,2022-02-13 00:46:35
110,Kahului,20.8947,-156.47,82.42,63,40,17.27,US,2022-02-13 00:43:54
111,Kawambwa,-9.7915,29.0791,62.24,97,100,2.06,ZM,2022-02-13 00:46:35
112,Khatanga,71.9667,102.5,-18.24,89,71,2.71,RU,2022-02-13 00:46:35
113,Mahebourg,-20.4081,57.7,77.29,100,75,5.75,MU,2022-02-13 00:46:35
114,Khuzhir,53.1939,107.3397,-7.98,95,96,5.41,RU,2022-02-13 00:46:36
115,Malakal,9.5334,31.6605,77.58,23,70,8.23,SS,2022-02-13 00:46:37
116,Saint-Philippe,-21.3585,55.7679,78.35,84,2,9.08,RE,2022-02-13 00:46:37
117,Lompoc,34.6391,-120.4579,82.71,23,0,10.36,US,2022-02-13 00:41:52
118,Konya,38.1667,32.5,18.88,75,92,2.51,TR,2022-02-13 00:46:37
119,Iqaluit,63.7506,-68.5145,-22.27,69,75,6.91,CA,2022-02-13 00:46:38
120,La Ronge,55.1001,-105.2842,-10.95,70,20,4.61,CA,2022-02-13 00:45:43
121,Cayenne,4.9333,-52.3333,78.1,87,0,5.01,GF,2022-02-13 00:46:38
122,Saldanha,-33.0117,17.9442,68.05,90,82,15.39,ZA,2022-02-13 00:46:39
123,Beringovskiy,63.05,179.3167,-18.42,91,7,7.14,RU,2022-02-13 00:46:39
124,Port-Gentil,-0.7193,8.7815,80.38,81,100,7.87,GA,2022-02-13 00:46:39
125,Bonavista,48.6499,-53.1147,45.12,74,100,26.13,CA,2022-02-13 00:46:23
126,Hanmer Springs,-42.5167,172.8167,42.87,98,100,1.16,NZ,2022-02-13 00:46:40
127,Aksha,50.2814,113.2867,-12.08,96,94,1.5,RU,2022-02-13 00:46:40
128,Ulladulla,-35.35,150.4667,76.87,46,0,6.78,AU,2022-02-13 00:46:41
129,Touros,-5.1989,-35.4608,81.5,80,26,9.64,BR,2022-02-13 00:46:41
130,College,64.8569,-147.8028,0.59,73,75,0.0,US,2022-02-13 00:46:41
131,Lebu,-37.6167,-73.65,58.12,90,100,8.61,CL,2022-02-13 00:46:42
132,Mana,5.6592,-53.7767,75.51,90,84,8.75,GF,2022-02-13 00:46:42
133,Cherskiy,68.75,161.3,-17.36,97,100,10.36,RU,2022-02-13 00:46:42
134,Tuatapere,-46.1333,167.6833,53.82,70,100,9.46,NZ,2022-02-13 00:46:42
135,Saskylakh,71.9167,114.0833,-5.85,75,49,7.74,RU,2022-02-13 00:46:43
136,Airai,-8.9266,125.4092,69.82,70,91,2.89,TL,2022-02-13 00:46:43
137,Morant Bay,17.8815,-76.4093,82.02,80,6,9.82,JM,2022-02-13 00:46:44
138,Stokmarknes,68.5646,14.9108,31.5,91,100,7.78,NO,2022-02-13 00:46:44
139,Gari,59.4307,62.3497,0.46,99,86,4.65,RU,2022-02-13 00:46:45
140,Bredasdorp,-34.5322,20.0403,67.32,83,97,5.75,ZA,2022-02-13 00:46:45
141,Yuxia,34.0615,108.6291,32.61,63,6,0.85,CN,2022-02-13 00:46:45
142,Pimenta Bueno,-11.6725,-61.1936,73.4,97,99,1.95,BR,2022-02-13 00:46:46
143,Mantua,45.1667,10.7833,38.17,71,11,3.51,IT,2022-02-13 00:46:46
144,Wajid,3.8093,43.2471,72.97,40,98,12.24,SO,2022-02-13 00:46:47
145,Nikolskoye,59.7035,30.7861,36.72,98,100,9.73,RU,2022-02-13 00:46:47
146,Port Blair,11.6667,92.75,71.64,88,20,0.0,IN,2022-02-13 00:46:47
147,Pangody,65.85,74.4859,-10.46,94,6,14.38,RU,2022-02-13 00:46:48
148,Sawtell,-30.3833,153.1,77.32,69,40,12.66,AU,2022-02-13 00:46:48
149,New Norfolk,-42.7826,147.0587,78.66,29,100,3.78,AU,2022-02-13 00:45:59
150,Yagodnoye,62.55,149.6667,-22.05,95,98,2.84,RU,2022-02-13 00:46:49
151,Namibe,-15.1961,12.1522,74.34,80,100,2.13,AO,2022-02-13 00:46:49
152,Mongoumba,3.6415,18.5936,73.49,30,42,2.77,CF,2022-02-13 00:46:49
153,Acapulco,16.8634,-99.8901,82.22,61,75,5.75,MX,2022-02-13 00:46:50
154,Gonen,40.1049,27.654,48.02,49,100,11.39,TR,2022-02-13 00:46:50
155,Sarangani,5.4033,125.4636,81.39,76,100,22.15,PH,2022-02-13 00:46:51
156,Necochea,-38.5473,-58.7368,57.04,66,0,1.61,AR,2022-02-13 00:46:51
157,Yellowknife,62.456,-114.3525,-10.59,83,75,10.36,CA,2022-02-13 00:45:44
158,Tornabe,15.75,-87.55,80.85,100,40,2.3,HN,2022-02-13 00:46:52
159,Puerto Baquerizo Moreno,-0.9,-89.6,75.13,82,52,7.16,EC,2022-02-13 00:46:52
160,Qurayyat,31.3318,37.3428,37.58,56,0,6.91,SA,2022-02-13 00:46:52
161,Longyearbyen,78.2186,15.6401,10.24,72,0,9.22,SJ,2022-02-13 00:42:58
162,Sambava,-14.2667,50.1667,73.15,91,16,5.91,MG,2022-02-13 00:46:53
163,Marion,39.7684,-86.1555,22.82,74,100,5.75,US,2022-02-13 00:42:26
164,Jiaozhou,36.2839,120.0033,31.96,64,100,5.21,CN,2022-02-13 00:46:53
165,Kasimov,54.9411,41.3953,15.55,95,91,10.0,RU,2022-02-13 00:46:54
166,Ostrovnoy,68.0531,39.5131,4.57,96,83,3.96,RU,2022-02-13 00:46:44
167,Souillac,-20.5167,57.5167,77.38,100,75,5.75,MU,2022-02-13 00:46:54
168,Saint-Joseph,-21.3667,55.6167,77.36,80,1,9.06,RE,2022-02-13 00:46:55
169,Dongsheng,39.8161,109.9776,24.28,70,100,15.1,CN,2022-02-13 00:46:55
170,Juegang,32.3174,121.1855,44.91,82,100,11.72,CN,2022-02-13 00:46:56
171,Kumluca,36.3703,30.2869,52.79,72,94,3.74,TR,2022-02-13 00:46:56
172,Geraldton,-28.7667,114.6,75.61,60,0,8.05,AU,2022-02-13 00:46:56
173,Matara,5.9485,80.5353,74.93,88,95,1.83,LK,2022-02-13 00:46:57
174,Sao Filipe,14.8961,-24.4956,77.52,46,100,20.4,CV,2022-02-13 00:46:51
175,Olga,43.7444,135.2892,17.31,49,29,10.31,RU,2022-02-13 00:46:57
176,Nanortalik,60.1432,-45.2371,29.32,97,100,10.18,GL,2022-02-13 00:43:10
177,Pisco,-13.7,-76.2167,69.85,78,0,17.27,PE,2022-02-13 00:44:47
178,Maun,-19.9833,23.4167,67.15,76,83,4.14,BW,2022-02-13 00:44:35
179,Bam,29.106,58.357,52.09,61,87,5.88,IR,2022-02-13 00:46:59
180,Yenagoa,4.9247,6.2642,77.67,84,100,3.44,NG,2022-02-13 00:46:59
181,Kaseda,31.4167,130.3167,54.63,86,100,9.98,JP,2022-02-13 00:46:59
182,Nemuro,43.3236,145.575,23.43,70,100,8.08,JP,2022-02-13 00:47:00
183,East London,-33.0153,27.9116,75.09,86,20,2.66,ZA,2022-02-13 00:44:50
184,Hegang,47.4,130.3667,6.42,77,100,6.35,CN,2022-02-13 00:47:00
185,Kruisfontein,-34.0033,24.7314,69.76,94,100,8.7,ZA,2022-02-13 00:47:00
186,Rameswaram,9.2833,79.3,80.08,74,100,22.57,IN,2022-02-13 00:47:01
187,Korla,41.7597,86.1469,26.71,48,92,3.13,CN,2022-02-13 00:47:02
188,Quatre Cocos,-20.2078,57.7625,77.11,86,13,13.71,MU,2022-02-13 00:47:02
189,Cockburn Town,21.4612,-71.1419,76.96,73,20,11.5,TC,2022-02-13 00:46:00
190,Grindavik,63.8424,-22.4338,23.47,74,0,8.05,IS,2022-02-13 00:44:00
191,Gat,31.61,34.7642,54.39,100,0,0.63,IL,2022-02-13 00:47:03
192,Xique-Xique,-10.8218,-42.7263,75.2,79,57,6.6,BR,2022-02-13 00:47:03
193,Skuodas,56.2667,21.5333,35.46,80,100,14.67,LT,2022-02-13 00:47:03
194,Avera,33.194,-82.5271,60.71,60,100,6.76,US,2022-02-13 00:47:04
195,Wattegama,6.7989,81.4808,74.32,91,100,3.33,LK,2022-02-13 00:47:04
196,Chapais,49.7834,-74.8492,-16.82,100,57,3.74,CA,2022-02-13 00:47:05
197,Hofn,64.2539,-15.2082,23.04,68,100,17.63,IS,2022-02-13 00:47:05
198,Erzurum,40.0,41.5,2.88,73,29,4.56,TR,2022-02-13 00:47:05
199,Atambua,-9.1061,124.8925,79.99,74,95,2.86,ID,2022-02-13 00:47:06
200,Vazhiny,60.9644,34.0222,26.06,96,100,6.15,RU,2022-02-13 00:47:06
201,Tiksi,71.6872,128.8694,-7.17,88,100,15.46,RU,2022-02-13 00:45:47
202,Palana,59.1167,159.9667,-1.16,85,20,5.84,RU,2022-02-13 00:47:07
203,Sioux Lookout,50.1001,-91.917,-7.22,70,100,2.3,CA,2022-02-13 00:47:07
204,Zhezkazgan,47.8043,67.7144,25.16,94,100,15.82,KZ,2022-02-13 00:47:07
205,Motala,58.5371,15.0365,35.8,72,100,19.93,SE,2022-02-13 00:47:08
206,Esna,25.2934,32.554,55.42,45,0,5.93,EG,2022-02-13 00:47:08
207,Zemio,5.0314,25.1361,72.39,35,100,1.86,CF,2022-02-13 00:47:08
208,Lujan,-34.5703,-59.105,67.75,64,0,1.99,AR,2022-02-13 00:47:09
209,Arona,28.0996,-16.681,58.82,80,20,8.05,ES,2022-02-13 00:47:09
210,Baykit,61.67,96.37,-16.51,100,47,2.59,RU,2022-02-13 00:45:49
211,Anshan,41.1236,122.99,19.02,50,0,11.3,CN,2022-02-13 00:47:10
212,Ponta Do Sol,32.6667,-17.1,63.23,70,0,4.45,PT,2022-02-13 00:47:10
213,Poddorye,57.4695,31.1156,30.51,86,96,13.06,RU,2022-02-13 00:47:10
214,Tirumullaivasal,11.2333,79.8333,77.07,73,100,12.28,IN,2022-02-13 00:47:11
215,Mokobeng,-22.9965,27.6678,66.09,56,98,3.33,BW,2022-02-13 00:47:11
216,Kapoeta,4.7717,33.5903,80.17,32,12,3.91,SS,2022-02-13 00:47:11
217,Zhigansk,66.7697,123.3711,-29.94,99,89,4.72,RU,2022-02-13 00:47:12
218,Tigil,57.8,158.6667,-0.96,91,6,2.35,RU,2022-02-13 00:47:12
219,Vestmannaeyjar,63.4427,-20.2734,32.34,81,88,11.74,IS,2022-02-13 00:47:13
220,Ust-Omchug,61.15,149.6333,-19.73,92,98,3.98,RU,2022-02-13 00:47:13
221,Kirakira,-10.4544,161.9205,85.03,69,43,4.03,SB,2022-02-13 00:47:13
222,Santa Isabel Do Rio Negro,-0.4139,-65.0192,75.34,91,81,3.33,BR,2022-02-13 00:47:14
223,San,13.3034,-4.8956,71.08,14,0,9.46,ML,2022-02-13 00:47:14
224,Pevek,69.7008,170.3133,-19.34,97,100,8.97,RU,2022-02-13 00:47:15
225,Homer,59.6425,-151.5483,36.77,88,75,4.0,US,2022-02-13 00:47:15
226,Akyab,20.15,92.9,59.49,57,9,8.16,MM,2022-02-13 00:47:16
227,Torbay,47.6666,-52.7314,46.27,77,75,27.63,CA,2022-02-13 00:43:15
228,Fort Nelson,58.8053,-122.7002,17.19,73,75,6.91,CA,2022-02-13 00:47:16
229,Clyde River,70.4692,-68.5914,-16.37,76,100,33.38,CA,2022-02-13 00:47:16
230,Atasu,48.6814,71.6433,19.44,94,100,15.28,KZ,2022-02-13 00:47:17
231,Bengkulu,-3.8004,102.2655,79.07,75,89,3.58,ID,2022-02-13 00:46:28
232,Esperance,-33.8667,121.9,66.04,57,29,8.84,AU,2022-02-13 00:47:17
233,Bulaevo,54.9056,70.4439,-2.45,99,100,3.15,KZ,2022-02-13 00:47:18
234,Sitka,57.0531,-135.33,42.69,75,100,3.44,US,2022-02-13 00:45:49
235,Sorland,67.667,12.6934,33.08,85,100,8.16,NO,2022-02-13 00:47:18
236,Sisimiut,66.9395,-53.6735,10.49,93,100,15.1,GL,2022-02-13 00:47:19
237,Elat,29.5581,34.9482,53.44,62,0,8.05,IL,2022-02-13 00:47:19
238,Gatton,-27.55,152.2833,79.74,46,49,11.43,AU,2022-02-13 00:47:19
239,Ambon,-3.6954,128.1814,82.54,74,40,4.61,ID,2022-02-13 00:47:20
240,Timra,62.487,17.3257,31.68,93,100,3.44,SE,2022-02-13 00:47:20
241,Saint George,37.1041,-113.5841,66.79,10,0,0.0,US,2022-02-13 00:47:20
242,Vila Do Maio,15.1333,-23.2167,74.19,70,100,20.11,CV,2022-02-13 00:47:21
243,Gizo,-8.103,156.8419,82.85,69,67,2.1,SB,2022-02-13 00:47:21
244,Am Timan,11.0297,20.2827,73.81,15,26,7.27,TD,2022-02-13 00:47:22
245,Levin,-40.6333,175.275,60.67,77,100,12.55,NZ,2022-02-13 00:47:22
246,Kenai,60.5544,-151.2583,37.49,93,40,5.75,US,2022-02-13 00:47:22
247,Bahia Blanca,-38.7196,-62.2724,69.85,26,100,8.99,AR,2022-02-13 00:47:23
248,Gorin,51.1983,136.6669,14.41,93,100,8.41,RU,2022-02-13 00:47:23
249,Vao,-22.6667,167.4833,80.74,77,94,4.12,NC,2022-02-13 00:47:23
250,Puerto Castilla,16.0167,-85.9667,80.51,88,40,3.44,HN,2022-02-13 00:47:24
251,Pashiya,58.4324,58.2562,8.42,98,100,3.11,RU,2022-02-13 00:47:24
252,Mazagao,-0.115,-51.2894,82.45,90,100,4.38,BR,2022-02-13 00:47:24
253,Awjilah,29.1081,21.2869,52.83,48,0,4.23,LY,2022-02-13 00:47:25
254,Pogradec,40.9025,20.6525,38.1,87,100,3.0,AL,2022-02-13 00:47:25
255,Margate,51.3813,1.3862,44.96,74,100,8.99,GB,2022-02-13 00:47:26
256,Bilma,18.6853,12.9164,61.41,18,0,7.81,NE,2022-02-13 00:47:26
257,Thompson,55.7435,-97.8558,-11.04,64,20,5.75,CA,2022-02-13 00:47:14
258,Balarampur,23.1167,86.2167,52.21,57,0,3.44,IN,2022-02-13 00:47:26
259,Mount Isa,-20.7333,139.5,91.17,46,11,9.22,AU,2022-02-13 00:47:27
260,Fortuna,40.5982,-124.1573,70.41,79,0,6.91,US,2022-02-13 00:47:27
261,Griffin,33.2468,-84.2641,60.75,50,75,3.44,US,2022-02-13 00:47:27
262,Mudgee,-32.5943,149.5871,71.78,49,100,10.36,AU,2022-02-13 00:47:28
263,Balikpapan,-1.2675,116.8289,79.79,89,20,6.91,ID,2022-02-13 00:47:28
264,Maumere,-8.6199,122.2111,80.64,78,100,3.78,ID,2022-02-13 00:47:29
265,Talnakh,69.4865,88.3972,-8.52,75,15,9.75,RU,2022-02-13 00:47:29
266,Washington,47.5001,-120.5015,45.64,62,0,1.07,US,2022-02-13 00:47:29
267,Catuday,16.2923,119.8062,79.39,66,83,11.14,PH,2022-02-13 00:47:30
268,Lavrentiya,65.5833,-171.0,-10.34,90,7,6.91,RU,2022-02-13 00:47:30
269,Rafraf,37.1904,10.1837,48.51,81,9,6.96,TN,2022-02-13 00:47:31
270,Tura,25.5198,90.2201,53.13,78,0,4.21,IN,2022-02-13 00:47:31
271,Kaitangata,-46.2817,169.8464,54.93,74,100,9.91,NZ,2022-02-13 00:47:32
272,Carnarvon,-24.8667,113.6333,86.07,62,100,6.91,AU,2022-02-13 00:47:32
273,Mattru,7.6244,-11.8332,72.5,97,7,2.64,SL,2022-02-13 00:47:32
274,Saa,4.3667,11.45,69.26,98,100,3.94,CM,2022-02-13 00:47:33
275,Hovd,48.0056,91.6419,-17.19,86,100,1.66,MN,2022-02-13 00:47:33
276,Bilibino,68.0546,166.4372,-21.46,97,99,1.9,RU,2022-02-13 00:47:33
277,Coracora,-15.0333,-73.7833,49.23,87,99,4.56,PE,2022-02-13 00:47:34
278,Vostok,46.4856,135.8833,6.76,90,100,2.89,RU,2022-02-13 00:47:34
279,Wuwei,37.9281,102.6414,22.41,70,25,4.54,CN,2022-02-13 00:47:34
280,Hervey Bay,-25.2986,152.8535,83.03,60,80,19.15,AU,2022-02-13 00:47:35
281,Ossora,59.2353,163.0719,-4.68,78,78,5.19,RU,2022-02-13 00:47:35
282,Quime,-16.9833,-67.2167,51.39,93,100,5.03,BO,2022-02-13 00:47:35
283,Cintalapa,16.6951,-93.7272,69.19,92,14,5.41,MX,2022-02-13 00:47:36
284,Husavik,66.0449,-17.3389,21.11,88,52,10.18,IS,2022-02-13 00:47:07
285,Lahad Datu,5.0268,118.327,78.51,86,100,3.2,MY,2022-02-13 00:47:36
286,Moche,-8.1711,-79.0092,69.98,83,100,8.05,PE,2022-02-13 00:47:37
287,Srandakan,-7.9386,110.2506,65.73,81,100,4.7,ID,2022-02-13 00:47:37
288,Hays,30.0502,-98.0336,47.28,53,16,3.0,US,2022-02-13 00:47:02
289,Severobaykalsk,55.65,109.3167,-17.72,91,43,4.63,RU,2022-02-13 00:47:38
290,Sur,22.5667,59.5289,68.18,58,0,5.66,OM,2022-02-13 00:47:38
291,Guadalupe,25.6833,-100.25,71.65,44,15,6.58,MX,2022-02-13 00:47:38
292,Terney,45.0503,136.6092,17.78,68,77,15.68,RU,2022-02-13 00:47:39
293,Lagos,6.5833,3.75,80.92,92,100,3.56,NG,2022-02-13 00:47:39
294,West Odessa,31.8424,-102.4988,49.48,32,0,3.44,US,2022-02-13 00:47:40
295,Porto Novo,6.4965,2.6036,82.22,84,5,7.81,BJ,2022-02-13 00:47:40
296,Terrace,54.5163,-128.6035,37.42,87,75,2.3,CA,2022-02-13 00:47:21
297,El Alto,-4.2714,-81.2147,71.37,76,94,7.9,PE,2022-02-13 00:47:40
298,Santa Isabel,-23.3156,-46.2214,71.65,97,72,3.0,BR,2022-02-13 00:47:41
299,Axim,4.8699,-2.2405,78.35,86,97,5.48,GH,2022-02-13 00:47:41
300,Oktyabrskiy,54.4815,53.471,24.28,95,100,8.28,RU,2022-02-13 00:47:42
301,Cullen,57.6904,-2.8182,45.19,72,84,21.7,GB,2022-02-13 00:47:42
302,Ahuimanu,21.4447,-157.8378,83.91,59,0,10.36,US,2022-02-13 00:47:42
303,Kuching,1.55,110.3333,75.42,100,40,6.91,MY,2022-02-13 00:47:43
304,Den Helder,52.9599,4.7593,40.98,73,100,21.0,NL,2022-02-13 00:47:43
305,Skala,50.2305,19.8536,27.25,84,0,2.3,PL,2022-02-13 00:47:43
306,Jiujiang,29.7333,115.9833,42.64,92,100,6.51,CN,2022-02-13 00:47:44
307,Huarmey,-10.0681,-78.1522,72.1,77,78,6.73,PE,2022-02-13 00:47:44
308,Semey,50.4111,80.2275,12.49,91,98,7.54,KZ,2022-02-13 00:47:44
309,Kamenka,51.3223,42.7678,14.38,97,31,8.01,RU,2022-02-13 00:47:45
310,Kuvshinovo,57.0295,34.1725,30.02,92,100,13.91,RU,2022-02-13 00:47:45
311,Koumac,-20.5667,164.2833,85.21,64,100,4.76,NC,2022-02-13 00:47:46
312,Carutapera,-1.195,-46.02,77.16,91,98,4.85,BR,2022-02-13 00:44:43
313,Marzuq,14.4,46.4667,60.46,60,71,0.36,YE,2022-02-13 00:46:37
314,Umm Kaddadah,13.6017,26.6876,58.06,21,0,12.39,SD,2022-02-13 00:47:47
315,Namatanai,-3.6667,152.4333,84.07,70,100,3.33,PG,2022-02-13 00:47:47
316,Kalmunai,7.4167,81.8167,74.91,90,100,3.27,LK,2022-02-13 00:47:47
317,Poum,-20.2333,164.0167,81.7,73,100,5.32,NC,2022-02-13 00:47:48
318,Lucea,18.451,-78.1736,80.46,79,8,9.89,JM,2022-02-13 00:47:48
319,Katobu,-4.9408,122.5276,79.23,85,100,6.29,ID,2022-02-13 00:47:48
320,Muriwai Beach,-36.8167,174.45,66.42,88,74,28.57,NZ,2022-02-13 00:47:49
321,Meulaboh,4.1363,96.1285,77.14,85,95,5.19,ID,2022-02-13 00:47:49
322,Sault Sainte Marie,46.5168,-84.3333,1.89,68,0,4.61,CA,2022-02-13 00:47:18
323,Marystown,47.1666,-55.1483,46.85,100,98,8.99,CA,2022-02-13 00:43:04
324,Norman Wells,65.282,-126.8329,-12.96,70,75,4.61,CA,2022-02-13 00:47:49
325,Kobryn,52.2138,24.3564,29.23,72,100,8.16,BY,2022-02-13 00:47:50
326,Narsaq,60.9167,-46.05,30.42,96,100,7.2,GL,2022-02-13 00:47:50
327,Mahibadhoo,3.7833,72.9667,80.11,75,100,4.54,MV,2022-02-13 00:47:51
328,Alofi,-19.0595,-169.9187,85.89,70,100,14.97,NU,2022-02-13 00:47:51
329,Cartagena Del Chaira,1.3349,-74.8429,77.99,62,74,2.89,CO,2022-02-13 00:47:51
330,Porkhov,57.765,29.5561,35.49,80,100,14.29,RU,2022-02-13 00:47:52
331,Farmington,36.7281,-108.2187,50.68,15,0,17.27,US,2022-02-13 00:47:52
332,Batagay-Alyta,67.8006,130.4114,-17.63,89,45,4.85,RU,2022-02-13 00:47:52
333,Adrar,20.5022,-10.0711,61.07,27,56,10.6,MR,2022-02-13 00:47:53
334,Olafsvik,64.8945,-23.7142,26.29,71,27,17.78,IS,2022-02-13 00:47:53
335,Chicama,-7.8447,-79.1469,68.54,70,58,5.7,PE,2022-02-13 00:47:54
336,Palizada,18.25,-92.0833,72.7,92,5,4.79,MX,2022-02-13 00:47:54
337,Port Lincoln,-34.7333,135.8667,78.35,38,100,10.4,AU,2022-02-13 00:45:44
338,Nisia Floresta,-6.0911,-35.2086,81.41,84,8,5.5,BR,2022-02-13 00:47:54
339,Umea,63.8284,20.2597,15.73,100,75,1.14,SE,2022-02-13 00:47:55
340,San Juan,-31.5375,-68.5364,69.84,24,4,4.74,AR,2022-02-13 00:47:55
341,Korem,12.5058,39.5228,51.75,90,100,1.88,ET,2022-02-13 00:47:56
342,Nicoya,10.1483,-85.452,83.75,63,50,8.55,CR,2022-02-13 00:47:56
343,Alghero,40.5589,8.3181,44.69,87,0,2.3,IT,2022-02-13 00:47:57
344,Oksovskiy,62.6062,39.8984,15.78,96,95,4.94,RU,2022-02-13 00:47:57
345,Middleton,53.55,-2.2,47.98,93,100,11.48,GB,2022-02-13 00:47:18
346,Kapit,2.0167,112.9333,72.55,100,100,0.92,MY,2022-02-13 00:47:57
347,Jinchang,38.4953,102.1739,22.68,77,99,1.68,CN,2022-02-13 00:47:58
348,Codajas,-3.8367,-62.0569,74.17,97,100,2.59,BR,2022-02-13 00:47:58
349,Kaele,10.1092,14.4508,73.47,21,44,9.95,CM,2022-02-13 00:47:59
350,Yumen,40.2833,97.2,21.65,57,100,6.44,CN,2022-02-13 00:47:59
351,Farah,32.5,62.5,48.09,51,100,3.87,AF,2022-02-13 00:47:59
352,Sovetsk,55.0839,21.8785,30.76,70,96,12.57,RU,2022-02-13 00:48:00
353,Buraydah,26.326,43.975,43.25,46,0,8.48,SA,2022-02-13 00:46:48
354,Ibra,22.6906,58.5334,59.56,64,0,2.13,OM,2022-02-13 00:44:55
355,Shelburne,44.0787,-80.2041,10.29,84,35,4.9,CA,2022-02-13 00:45:44
356,Solnechnyy,50.7214,136.6319,13.5,90,100,7.11,RU,2022-02-13 00:48:00
357,Conceicao Do Araguaia,-8.2578,-49.2647,73.62,96,100,3.6,BR,2022-02-13 00:43:55
358,Kilrush,52.6397,-9.4833,49.75,94,100,6.6,IE,2022-02-13 00:48:01
359,Abha,18.2164,42.5053,53.85,54,0,8.05,SA,2022-02-13 00:48:01
360,Taoudenni,22.6783,-3.9836,61.79,23,0,11.25,ML,2022-02-13 00:48:02
361,Lata,40.1629,-8.3327,45.91,95,47,1.57,PT,2022-02-13 00:47:00
362,Roma,43.2128,-75.4557,25.88,77,100,16.11,US,2022-02-13 00:48:02
363,Dolores,-36.3132,-57.6792,52.16,65,0,6.96,AR,2022-02-13 00:48:03
364,Auray,47.6703,-2.9918,49.75,82,100,14.92,FR,2022-02-13 00:48:03
365,Dobrotesti,44.2833,24.8833,37.51,52,100,14.74,RO,2022-02-13 00:48:04
366,Wanning,18.8003,110.3967,71.69,73,98,6.82,CN,2022-02-13 00:48:04
367,Mercedes,-34.6515,-59.4307,64.83,46,0,8.19,AR,2022-02-13 00:48:05
368,Umm Lajj,25.0213,37.2685,66.88,25,0,19.73,SA,2022-02-13 00:48:05
369,Banjar,-8.19,114.9675,84.06,92,100,2.33,ID,2022-02-13 00:48:05
370,Rorvik,64.8621,11.2373,32.79,93,100,20.78,NO,2022-02-13 00:48:06
371,Yulara,-25.2406,130.9889,84.04,23,0,8.05,AU,2022-02-13 00:43:10
372,Huilong,31.8111,121.655,46.04,90,100,10.76,CN,2022-02-13 00:48:06
373,Bull Savanna,17.8868,-77.5902,74.97,81,34,12.33,JM,2022-02-13 00:48:07
374,Plaisir,48.8232,1.9541,36.19,81,0,8.05,FR,2022-02-13 00:48:07
375,Faanui,-16.4833,-151.75,80.44,75,82,9.71,PF,2022-02-13 00:48:08
376,Ahipara,-35.1667,173.1667,71.1,67,48,18.32,NZ,2022-02-13 00:48:08
377,Lac-Megantic,45.5834,-70.8823,24.82,91,100,13.13,CA,2022-02-13 00:48:08
378,Dutlwe,-23.9833,23.9,68.45,42,0,9.42,BW,2022-02-13 00:48:09
379,Santa Maria,-29.6842,-53.8069,74.5,88,40,2.3,BR,2022-02-13 00:47:51
380,Kiunga,-6.1219,141.2906,87.98,56,13,3.38,PG,2022-02-13 00:48:09
381,Evensk,61.95,159.2333,-3.23,76,9,5.95,RU,2022-02-13 00:48:10
382,Montlucon,46.3333,2.6,37.04,90,7,5.46,FR,2022-02-13 00:48:10
383,Tiznit,29.5833,-9.5,56.57,49,8,3.51,MA,2022-02-13 00:48:10
384,Lethem,3.3803,-59.7968,82.04,60,97,12.73,GY,2022-02-13 00:48:11
385,Byron Bay,-28.65,153.6167,78.75,77,93,14.09,AU,2022-02-13 00:48:11
386,Shitanjing,39.2342,106.3439,19.72,83,98,12.88,CN,2022-02-13 00:48:12
387,Srednekolymsk,67.45,153.6833,-22.79,93,91,6.85,RU,2022-02-13 00:46:55
388,Ancud,-41.8697,-73.8203,67.53,87,37,1.83,CL,2022-02-13 00:44:26
389,Lashio,22.9333,97.75,50.04,79,0,1.3,MM,2022-02-13 00:48:12
390,Raudeberg,61.9875,5.1352,43.2,92,100,25.01,NO,2022-02-13 00:48:13
391,Tianpeng,30.9866,103.9393,34.27,81,6,1.5,CN,2022-02-13 00:48:13
392,Baghdad,33.3406,44.4009,46.31,53,0,8.05,IQ,2022-02-13 00:46:29
393,Isangel,-19.55,169.2667,86.11,74,75,1.21,VU,2022-02-13 00:48:14
394,Fort-Shevchenko,44.5086,50.263,41.59,94,86,10.65,KZ,2022-02-13 00:48:14
395,Saint Stephen,50.3333,-4.9,50.27,93,100,18.41,GB,2022-02-13 00:48:14
396,Saint-Georges,12.0564,-61.7485,73.08,94,40,0.0,GD,2022-02-13 00:43:33
397,Naryan-Mar,67.6713,53.087,7.77,96,99,9.64,RU,2022-02-13 00:48:15
398,Kavieng,-2.5744,150.7967,82.49,73,100,4.0,PG,2022-02-13 00:48:15
399,Surt,31.2089,16.5887,56.14,61,4,8.05,LY,2022-02-13 00:48:16
400,Sao Joao Da Barra,-21.6403,-41.0511,74.71,87,100,1.3,BR,2022-02-13 00:48:16
401,Irbil,36.1926,44.0106,46.71,55,0,3.56,IQ,2022-02-13 00:48:17
402,Ucluelet,48.9329,-125.5528,52.11,81,74,3.87,CA,2022-02-13 00:45:44
403,Marrakesh,31.6315,-8.0083,53.67,62,100,3.44,MA,2022-02-13 00:48:17
404,Helmsdale,58.1168,-3.6517,44.47,85,83,20.85,GB,2022-02-13 00:48:17
405,Teguise,29.0605,-13.564,59.22,82,20,6.91,ES,2022-02-13 00:48:18
406,Nagapattinam,10.7667,79.8333,76.64,74,93,13.0,IN,2022-02-13 00:48:18
407,Juneau,58.3019,-134.4197,42.85,94,100,0.0,US,2022-02-13 00:45:13
408,Caborca,30.5838,-111.101,72.14,15,2,8.77,MX,2022-02-13 00:48:19
409,Dentsville,34.064,-80.9582,60.82,58,0,3.44,US,2022-02-13 00:48:19
410,Tahe,52.3333,124.7333,-4.38,83,100,3.47,CN,2022-02-13 00:48:19
411,Marsh Harbour,26.5412,-77.0636,75.07,85,0,8.61,BS,2022-02-13 00:48:20
412,Rio Cuarto,-33.1307,-64.3499,62.37,59,0,2.3,AR,2022-02-13 00:48:20
413,San Rafael Del Sur,11.8485,-86.4384,85.17,51,17,17.05,NI,2022-02-13 00:48:20
414,Manaure,11.7751,-72.4445,86.11,75,7,21.36,CO,2022-02-13 00:48:21
415,Vysokogornyy,50.1167,139.15,16.57,85,100,3.78,RU,2022-02-13 00:48:21
416,Luorong,24.4058,109.6086,45.91,86,100,6.71,CN,2022-02-13 00:48:22
417,Fomboni,-12.28,43.7425,80.56,81,82,12.19,KM,2022-02-13 00:48:22
418,Mezen,65.8522,44.24,7.83,95,97,6.93,RU,2022-02-13 00:48:23
419,Murovane,49.5214,22.9367,24.71,80,1,4.47,UA,2022-02-13 00:48:23
420,Cabinda,-5.55,12.2,77.9,91,100,4.65,AO,2022-02-13 00:48:23
421,Aswan,24.0934,32.907,60.1,44,0,4.61,EG,2022-02-13 00:48:24
422,Vanimo,-2.6741,141.3028,82.85,76,14,1.86,PG,2022-02-13 00:48:24
423,Vryheid,-27.7695,30.7917,59.0,72,4,3.42,ZA,2022-02-13 00:48:25
424,Ceglie Messapica,40.6439,17.5155,50.81,67,100,10.74,IT,2022-02-13 00:48:25
425,Bisira,8.5196,-81.7115,58.15,92,67,6.26,PA,2022-02-13 00:48:25
426,Sundsvall,62.3913,17.3063,31.96,88,100,3.44,SE,2022-02-13 00:48:26
427,Hobyo,5.3505,48.5268,75.99,73,100,12.91,SO,2022-02-13 00:48:26
428,Lasa,46.6166,10.7002,29.66,40,95,1.52,IT,2022-02-13 00:48:27
429,Kuryk,43.2,51.65,44.19,92,80,12.28,KZ,2022-02-13 00:48:27
430,Nurota,40.5614,65.6886,28.49,92,7,2.26,UZ,2022-02-13 00:48:27
431,Verkhoyansk,67.5447,133.385,-27.8,97,99,0.65,RU,2022-02-13 00:48:28
432,Laguna,38.421,-121.4238,77.29,42,0,5.75,US,2022-02-13 00:48:28
433,Aleksandrovsk-Sakhalinskiy,50.8975,142.1561,21.6,88,100,7.9,RU,2022-02-13 00:48:29
434,Goulburn,-34.75,149.7167,71.15,47,0,5.64,AU,2022-02-13 00:48:29
435,Praia,14.9215,-23.5087,73.94,64,100,19.57,CV,2022-02-13 00:45:58
436,Marawi,7.9986,124.2928,69.66,63,100,2.55,PH,2022-02-13 00:48:29
437,Tongliao,43.6125,122.2653,-2.15,93,12,4.5,CN,2022-02-13 00:48:30
438,Lincoln,40.8,-96.667,36.18,47,20,3.44,US,2022-02-13 00:48:29
439,Walvis Bay,-22.9575,14.5053,71.1,83,100,4.61,NA,2022-02-13 00:48:30
440,Harlingen,26.1906,-97.6961,60.75,60,0,25.32,US,2022-02-13 00:44:49
441,Anadyr,64.75,177.4833,-21.5,76,0,11.18,RU,2022-02-13 00:48:31
442,Diamantino,-14.4086,-56.4461,73.45,94,100,1.74,BR,2022-02-13 00:48:31
443,Yar-Sale,66.8333,70.8333,-9.72,94,70,15.95,RU,2022-02-13 00:48:32
444,Ginda,30.6945,78.4932,31.17,30,0,7.96,IN,2022-02-13 00:48:32
445,Itoman,26.1247,127.6694,73.42,83,75,10.36,JP,2022-02-13 00:48:33
446,Bojnurd,37.4747,57.329,33.75,93,100,2.3,IR,2022-02-13 00:48:33
447,Stephenville,32.2207,-98.2023,43.39,29,0,8.05,US,2022-02-13 00:48:34
448,Miramar,25.9873,-80.2323,76.01,82,0,10.36,US,2022-02-13 00:48:34
449,The Valley,18.217,-63.0578,77.09,71,0,22.21,AI,2022-02-13 00:48:34
450,Mvangue,2.9667,11.5167,66.42,99,93,2.73,CM,2022-02-13 00:48:35
451,Fukue,32.6881,128.8419,50.36,87,75,13.8,JP,2022-02-13 00:48:35
452,Araceli,10.5529,119.9913,80.24,83,99,10.04,PH,2022-02-13 00:48:35
453,Serra Talhada,-7.9919,-38.2983,72.46,80,32,5.57,BR,2022-02-13 00:48:36
454,Bose,45.4612,8.0137,38.66,70,100,2.53,IT,2022-02-13 00:48:36
455,Hermosillo,29.0667,-110.9667,80.28,16,72,6.29,MX,2022-02-13 00:44:09
456,Coquimbo,-29.9533,-71.3436,65.88,75,0,1.34,CL,2022-02-13 00:46:23
457,Waingapu,-9.6567,120.2641,82.29,72,99,2.64,ID,2022-02-13 00:48:37
458,Khovu-Aksy,51.1333,93.6,-23.06,92,8,5.57,RU,2022-02-13 00:48:37
459,Portland,45.5234,-122.6762,63.19,33,0,13.0,US,2022-02-13 00:45:11
460,Lishui,28.4604,119.9103,47.03,96,100,3.53,CN,2022-02-13 00:48:38
461,Naze,28.3667,129.4833,65.32,83,100,12.82,JP,2022-02-13 00:48:38
462,Kedrovyy,56.1667,91.8167,-21.14,93,13,8.39,RU,2022-02-13 00:48:38
463,Flinders,-34.5833,150.8552,79.38,67,33,4.0,AU,2022-02-13 00:48:39
464,Mukhtolovo,55.4644,43.1953,14.36,95,99,8.52,RU,2022-02-13 00:48:39
465,Murindo,6.9848,-76.7544,74.97,96,100,1.5,CO,2022-02-13 00:48:40
466,Port Keats,-14.25,129.55,85.89,64,4,3.6,AU,2022-02-13 00:48:40
467,Krasnozerskoye,53.9828,79.2374,12.74,95,100,11.34,RU,2022-02-13 00:48:40
468,Luau,-10.7073,22.2247,62.26,95,91,1.99,AO,2022-02-13 00:48:41
469,Quzhou,28.9594,118.8686,45.32,98,100,1.41,CN,2022-02-13 00:48:41
470,Tanout,14.9709,8.8879,60.01,17,0,11.72,NE,2022-02-13 00:48:41
471,Mingaora,34.7758,72.3625,42.91,36,10,7.45,PK,2022-02-13 00:48:42
472,Bend,44.0582,-121.3153,54.46,41,0,4.61,US,2022-02-13 00:48:42
473,Vila Velha,-20.3297,-40.2925,75.15,93,75,1.14,BR,2022-02-13 00:48:42
474,Gisborne,-38.6533,178.0042,66.94,76,100,14.67,NZ,2022-02-13 00:48:43
475,Nyandoma,61.669,40.1991,20.21,95,100,7.31,RU,2022-02-13 00:48:43
476,Jiangyou,31.7667,104.7167,42.26,83,100,0.94,CN,2022-02-13 00:48:44
477,Miami,25.7743,-80.1937,76.98,84,20,9.22,US,2022-02-13 00:46:06
478,Mozarlandia,-14.7447,-50.5706,72.19,97,96,4.81,BR,2022-02-13 00:48:44
479,Privas,44.5833,4.5,44.55,95,100,2.77,FR,2022-02-13 00:48:45
480,Puerto Del Rosario,28.5004,-13.8627,62.35,77,0,9.22,ES,2022-02-13 00:48:45
481,Fort Frances,48.5999,-93.4003,-8.95,70,75,4.61,CA,2022-02-13 00:48:45
482,Abeche,13.8292,20.8324,68.59,12,64,9.51,TD,2022-02-13 00:48:46
483,Kolosovka,56.4678,73.611,1.4,97,100,7.78,RU,2022-02-13 00:48:46
484,Araouane,18.9048,-3.5265,61.61,17,70,10.27,ML,2022-02-13 00:48:46
485,Flagstaff,35.1981,-111.6513,55.06,18,0,9.22,US,2022-02-13 00:48:07
486,Bosaso,11.2842,49.1816,72.77,74,27,2.71,SO,2022-02-13 00:48:47
487,Paamiut,61.994,-49.6678,18.59,92,100,4.83,GL,2022-02-13 00:48:47
488,Deputatskiy,69.3,139.9,-10.61,93,100,5.79,RU,2022-02-13 00:48:47
489,Coahuayana,18.7333,-103.6833,76.48,61,54,2.59,MX,2022-02-13 00:45:20
490,Merauke,-8.4667,140.3333,84.78,59,8,11.18,ID,2022-02-13 00:48:48
491,Muravlenko,63.7898,74.523,-12.23,96,6,11.99,RU,2022-02-13 00:48:48
492,Simpang,-1.2667,104.0833,77.32,91,100,1.7,ID,2022-02-13 00:48:49
493,Nouadhibou,20.931,-17.0347,66.18,72,100,21.85,MR,2022-02-13 00:48:49
494,Petropavlovsk-Kamchatskiy,53.0452,158.6483,9.19,61,75,2.24,RU,2022-02-13 00:48:49
495,Ikwiriri,-7.9562,38.9716,73.45,98,100,2.44,TZ,2022-02-13 00:48:50
496,Ust-Tsilma,65.441,52.1498,11.77,96,100,4.68,RU,2022-02-13 00:48:50
497,Mehamn,71.0357,27.8492,26.37,70,76,15.73,NO,2022-02-13 00:48:50
498,Bom Despacho,-19.7364,-45.2522,65.08,97,23,3.4,BR,2022-02-13 00:45:26
499,Newark,40.7357,-74.1724,51.94,42,100,16.11,US,2022-02-13 00:48:51
500,Meadow Lake,34.8014,-106.5436,47.53,36,30,1.39,US,2022-02-13 00:45:44
501,Iskateley,67.6803,53.1512,7.93,95,99,9.73,RU,2022-02-13 00:48:52
502,Ixtapa,20.7,-105.2,69.31,67,1,2.42,MX,2022-02-13 00:47:40
503,Gweta,-20.1833,25.2333,72.55,50,49,10.18,BW,2022-02-13 00:48:24
504,Houma,29.5958,-90.7195,64.4,72,97,1.01,US,2022-02-13 00:48:52
505,North Bend,43.4065,-124.2243,64.92,73,0,5.75,US,2022-02-13 00:48:53
506,Gao,16.6362,1.637,68.07,11,1,6.76,ML,2022-02-13 00:48:53
507,Chernyshkovskiy,48.4219,42.2308,29.17,98,42,14.07,RU,2022-02-13 00:48:53
508,Bitkine,11.9801,18.2138,72.39,15,18,6.67,TD,2022-02-13 00:48:54
509,Goundam,16.4145,-3.6708,64.09,16,0,10.4,ML,2022-02-13 00:48:54
510,Kirovskiy,45.0917,133.5136,3.61,92,95,3.33,RU,2022-02-13 00:48:55
511,Piacabucu,-10.4056,-36.4344,80.65,79,3,14.12,BR,2022-02-13 00:48:55
512,Vilhena,-12.7406,-60.1458,68.9,98,100,2.59,BR,2022-02-13 00:48:55
513,Mitsamiouli,-11.3847,43.2844,80.15,77,97,8.81,KM,2022-02-13 00:48:56
514,Sosnovo-Ozerskoye,52.5249,111.5418,-22.85,99,96,2.73,RU,2022-02-13 00:48:56
515,Moose Factory,51.2585,-80.6094,-11.2,64,0,5.75,CA,2022-02-13 00:48:56
516,Las Vegas,36.175,-115.1372,72.34,11,0,8.05,US,2022-02-13 00:44:17
517,Strezhevoy,60.7333,77.5889,-7.02,98,11,8.55,RU,2022-02-13 00:48:57
518,Spring Hill,28.4769,-82.5255,69.93,65,0,6.91,US,2022-02-13 00:48:58
519,Sabzevar,36.2126,57.6819,37.9,82,7,6.89,IR,2022-02-13 00:48:58
520,Xinqing,48.2333,129.5,3.36,87,100,3.96,CN,2022-02-13 00:48:58
521,Mahajanga,-15.7167,46.3167,78.82,94,20,5.75,MG,2022-02-13 00:48:59
522,Bathsheba,13.2167,-59.5167,77.61,69,75,16.11,BB,2022-02-13 00:48:59
523,Turayf,31.6725,38.6637,41.25,65,0,4.61,SA,2022-02-13 00:48:59
524,Goderich,43.7501,-81.7165,14.92,79,96,6.91,CA,2022-02-13 00:49:00
525,Obihiro,42.9172,143.2044,22.41,90,94,5.79,JP,2022-02-13 00:49:00
526,Yeppoon,-23.1333,150.7333,83.98,62,37,19.19,AU,2022-02-13 00:48:31
527,Cairns,-16.9167,145.7667,88.07,51,40,18.41,AU,2022-02-13 00:45:05
528,Nakhon Thai,17.1006,100.8374,78.39,75,94,1.99,TH,2022-02-13 00:49:01
529,Haines Junction,60.7522,-137.5108,39.15,45,10,4.61,CA,2022-02-13 00:44:17
530,Raga,8.4596,25.678,67.89,18,4,4.43,SS,2022-02-13 00:49:01
531,Port Pirie,-33.1833,138.0167,86.09,16,6,7.49,AU,2022-02-13 00:49:02
532,Sept-Iles,50.2001,-66.3821,27.03,80,100,12.66,CA,2022-02-13 00:48:49
533,Green River,41.5286,-109.4662,41.4,42,8,8.75,US,2022-02-13 00:49:02
534,Rockland,41.1668,-74.0496,50.45,60,100,1.01,US,2022-02-13 00:49:03
535,Bukachacha,52.9833,116.9167,-10.19,91,85,2.84,RU,2022-02-13 00:49:03
536,Sao Gabriel Da Cachoeira,-0.1303,-67.0892,75.07,92,68,1.81,BR,2022-02-13 00:49:03
537,Mersing,2.4312,103.8405,75.11,94,40,3.44,MY,2022-02-13 00:48:07
538,Sao Jose Da Coroa Grande,-8.8978,-35.1478,79.9,82,11,10.58,BR,2022-02-13 00:49:04
539,Feijo,-8.1642,-70.3536,73.06,97,12,1.97,BR,2022-02-13 00:49:04
540,Kloulklubed,7.0419,134.2556,82.9,78,100,19.69,PW,2022-02-13 00:49:05
541,Kitama,-10.7167,39.7333,70.54,96,100,4.72,TZ,2022-02-13 00:49:05
542,Mao,39.8885,4.2658,46.96,93,0,4.61,ES,2022-02-13 00:49:06
543,Hongjiang,27.11,109.9956,39.24,98,100,2.64,CN,2022-02-13 00:49:06
544,Bonfim,3.0833,-59.95,81.23,62,94,9.06,BR,2022-02-13 00:49:06
545,Kalabagh,32.965,71.557,54.82,31,76,5.08,PK,2022-02-13 00:49:07
546,Sabancuy,18.9667,-91.1833,75.11,85,18,6.55,MX,2022-02-13 00:49:07
547,Acarau,-2.8856,-40.12,78.55,85,34,9.86,BR,2022-02-13 00:47:19
548,Khowst,33.3833,69.8833,43.45,36,10,3.31,AF,2022-02-13 00:49:08
549,Uvat,59.1433,68.8953,3.4,94,100,4.88,RU,2022-02-13 00:49:08
550,Malangali,-8.5667,34.85,60.58,96,91,1.77,TZ,2022-02-13 00:49:08
551,Mahon,39.8885,4.2658,46.96,93,0,4.61,ES,2022-02-13 00:49:09
